E000003167305	수전 올리언
E000003117962	호시노 미치오
E000002991911	송길영
E000003064557	히가시노 게이고
E000002931509	로버트 기요사키
E000003135495	김난도
E000003200525	더글라스 케네디
E000002989408	유즈키 아사코
E000002993694	김초엽
E000003167353	태가트 머피R
E000002940137	김호연
E000002915469	안톤 체호프
E000002929131	핏블리(문석기)
E000002958487	고레에다 히로카즈
E000003141823	최은영
E000003141801	고레에다 히로카즈
E000003114828	최은미
E000002982805	최은영
E000003099043	김희경
E000003085989	무라카미 하루키
E000002966462	무라카미 하루키
E000003226749	무라카미 하루키
E000003617724	Chaeg 편집부
E000003083560	미겔 데 세르반테스 사아베드라
E000004343043	와인디렉터 양갱
E000002992537	켄 프레드릭슨
E000003167326	폴 S. 킨드스테트
E000002999903	류예리
E000003114976	김지연
E000002900495	미치오 슈스케
E000003114305	강창래
E000002994102	김민지
E000003160878	브라이언 W. 커니핸
E000003145435	수지 홉킨스
E000005063984	가키야 미우
E000002959098	오쿠다 히데오
E000003064079	오쿠다 히데오
E000005107501	김승일
E000004352953	무라카미 하루키
E000005001419	마크 롤랜즈
E000003153630	김대호
E000005265913	김가람
E000003103358	다카라지마사
E000003159726	애나 렘키
E000005107500	김중혁
E000003091360	이디스 워튼
E000005212841	요한 하리
E000003052372	박완서
E000005121031	원윤식
E000005165477	에르난 디아스
E000003072912	이지성
E000005888561	앤드루 포터
E000003580492	이선기
E000005403410	송길영
E000005263884	박응용
E000005460954	다카세 준코
E000003114031	보후밀 흐라발
E000003091836	무라카미 하루키
E000002911228	마스다 미리
E000005342950	최은영
E000003114936	송지현
E000003114925	미셸 자우너
E000003198848	제프리 A. 무어
E000005262053	Akimi YOSHIDA
E000007260303	Akimi YOSHIDA
E000007550363	무라카미 하루키
E000002921454	정규형
E000005409351	에런 맥대니얼
E000005274431	트루먼 커포티
E000003086501	무라카미 하루키
E000003086646	무라카미 하루키
E000005327932	박상영
E000003228025	맥스웰 맥콤스
E000006911067	무라카미 하루키
E000000006521	무라카미 하루키
E000008154891	양귀자
E000005629912	데니스 뇌르마르크
E000005255191	미즈무라 미나에
E000011454473	야기사와 사토시
E000003086432	마쓰이에 마사시
E000012152702	당근 팀
E000011072606	미나토 가나에
E000003263943	김광호
E000012006174	아라카와 히로무
E000013027684	최은영
E000005139768	아라카와 히로무
E000011933846	리사 모스코니
E000003463624	나쓰메 소세키
S000000644107	주해종	20230110
S000000781170	요시다 아키미	20211119
S000061352178	오쿠다 히데오	20220627
S000001717433	유미리	20210915
S000000828383	페터 비에리	20141029
S000001772370	프랭크 허버트	20210121
S000001952804	시게마쓰 기요시	20211029
S000001854596		20220314
S000060622037	앤 패칫	20220617
S000061351922	미나토 가나에	20220708
S000001729615	술라이커 저우아드	20220122
S000060621771	가즈오 이시구로	20220624
S000000570544	윌리엄 메이크피스 새커리	20200921
S000001977916	F. 스콧 피츠제럴드	20210115
S000001943727	다케타즈 미노루	20220315
S000000620519	다자이 오사무	20210709
S000000781176	미셸 자우너	20220228
S000001717626	고마에 료	20220413
S000001912810	키마 카길	20200220
S000000603605	칼 오베 크나우스고르	20220412
S000000928992	제시카 팬	20220415
S000001948943	무레 요코	20220420
S000001927900	미야자키 마사카츠	20201026
S000001849785	이태승	20220412
S000001987083	구로이 가쓰유키	20210817
S000061777580	아라카와 히로무	20220831
S000202040251	필립 로스	20230522
S000200399690	아야세 마루	20221216
S000000781296	무라카미 하루키	20220325
S000200359090	오이카와 다쿠야	20221208
S000211193194	이무늬	20231120
S000212668146	김보경	20240320
S000201994711	미나토 가나에	20230615
S000211543311	F. 스콧 피츠제럴드	20231129
S000001805010	스테판 버처	20210331
S000001902523	이무늬	20170915
S000212321673	니시노 도모히코	20240220
S000214045510	이경상	20240902
S000213451032	김훈	20240620
S000216950996	론니 플래닛	20250722
S000218262954	무라카미 하루키	20251123
S000214976463	Natasha Campbell-McBride	20241216
S000001128539	한상일	20180315
